{
    "0": {
        "precision": 0.9158512720156555,
        "recall": 1.0,
        "f1-score": 0.9560776302349336,
        "support": 468.0
    },
    "1": {
        "precision": 1.0,
        "recall": 0.8704819277108434,
        "f1-score": 0.9307568438003221,
        "support": 332.0
    },
    "accuracy": 0.94625,
    "macro avg": {
        "precision": 0.9579256360078278,
        "recall": 0.9352409638554218,
        "f1-score": 0.9434172370176279,
        "support": 800.0
    },
    "weighted avg": {
        "precision": 0.9507729941291585,
        "recall": 0.94625,
        "f1-score": 0.9455695038645697,
        "support": 800.0
    }
}