{
    "Model": "phi3",
    "Truth Score": -0.09384921695061166,
    "Accuracy": 0.94625,
    "Hallucination Rate": 0.63875,
    "ROC-AUC": 1.0,
    "F1": 0.9307568438003221,
    "PR-AUC": 1.0,
    "Refusal Rate": 0.0025,
    "Avg Length": 56.9225,
    "Severity": 0.09384921695061166
}