{
    "0": {
        "precision": 1.0,
        "recall": 0.8806818181818182,
        "f1-score": 0.9365558912386707,
        "support": 352.0
    },
    "1": {
        "precision": 0.9142857142857143,
        "recall": 1.0,
        "f1-score": 0.9552238805970149,
        "support": 448.0
    },
    "accuracy": 0.9475,
    "macro avg": {
        "precision": 0.9571428571428571,
        "recall": 0.9403409090909092,
        "f1-score": 0.9458898859178428,
        "support": 800.0
    },
    "weighted avg": {
        "precision": 0.9519999999999998,
        "recall": 0.9475,
        "f1-score": 0.9470099652793433,
        "support": 800.0
    }
}