{
    "Model": "mistral",
    "Truth Score": 0.056747459893940685,
    "Accuracy": 0.9475,
    "Hallucination Rate": 0.3875,
    "ROC-AUC": 1.0,
    "F1": 0.9552238805970149,
    "PR-AUC": 1.0,
    "Refusal Rate": 0.0075,
    "Avg Length": 44.80625,
    "Severity": -0.056747459893940685
}