{
    "0": {
        "precision": 0.9183673469387755,
        "recall": 1.0,
        "f1-score": 0.9574468085106383,
        "support": 540.0
    },
    "1": {
        "precision": 1.0,
        "recall": 0.8153846153846154,
        "f1-score": 0.8983050847457628,
        "support": 260.0
    },
    "accuracy": 0.94,
    "macro avg": {
        "precision": 0.9591836734693877,
        "recall": 0.9076923076923077,
        "f1-score": 0.9278759466282005,
        "support": 800.0
    },
    "weighted avg": {
        "precision": 0.9448979591836735,
        "recall": 0.94,
        "f1-score": 0.9382257482870537,
        "support": 800.0
    }
}