{
    "Model": "qwen",
    "Truth Score": -0.17324310182264527,
    "Accuracy": 0.94,
    "Hallucination Rate": 0.735,
    "ROC-AUC": 1.0,
    "F1": 0.8983050847457628,
    "PR-AUC": 1.0,
    "Refusal Rate": 0.00375,
    "Avg Length": 61.4,
    "Severity": 0.17324310182264527
}