{
    "Model": "qwen",
    "Truth Score": 0.6149898720462806,
    "Hallucination Rate": 0.51125,
    "Precision": 1.0,
    "Recall": 0.48875,
    "F1": 0.6565910999160369,
    "Refusal Rate": 0.0,
    "Avg Length": 61.4,
    "Severity": 0.38501012795371936
}