{
    "0": {
        "precision": 1.0,
        "recall": 0.31929046563192903,
        "f1-score": 0.48403361344537815,
        "support": 451.0
    },
    "1": {
        "precision": 0.5320121951219512,
        "recall": 1.0,
        "f1-score": 0.6945273631840796,
        "support": 349.0
    },
    "accuracy": 0.61625,
    "macro avg": {
        "precision": 0.7660060975609756,
        "recall": 0.6596452328159645,
        "f1-score": 0.5892804883147289,
        "support": 800.0
    },
    "weighted avg": {
        "precision": 0.7958403201219513,
        "recall": 0.61625,
        "f1-score": 0.5758615117688867,
        "support": 800.0
    }
}