{
    "0": {
        "precision": 1.0,
        "recall": 0.7914285714285715,
        "f1-score": 0.8835725677830941,
        "support": 350.0
    },
    "1": {
        "precision": 0.8604206500956023,
        "recall": 1.0,
        "f1-score": 0.9249743062692704,
        "support": 450.0
    },
    "accuracy": 0.90875,
    "macro avg": {
        "precision": 0.9302103250478011,
        "recall": 0.8957142857142857,
        "f1-score": 0.9042734370261822,
        "support": 800.0
    },
    "weighted avg": {
        "precision": 0.9214866156787764,
        "recall": 0.90875,
        "f1-score": 0.9068610456815682,
        "support": 800.0
    }
}