{
    "Model": "llama3",
    "Truth Score": 0.565387862889329,
    "Hallucination Rate": 0.7,
    "Precision": 1.0,
    "Recall": 0.3,
    "F1": 0.46153846153846156,
    "Refusal Rate": 0.0,
    "Avg Length": 75.1775,
    "Severity": 0.43461213711067104
}