{
    "Model": "llama3",
    "Truth Score": 0.007237520775206576,
    "Accuracy": 0.61625,
    "Hallucination Rate": 0.18,
    "ROC-AUC": 1.0,
    "F1": 0.6945273631840796,
    "PR-AUC": 1.0,
    "Refusal Rate": 0.00875,
    "Avg Length": 75.1775,
    "Severity": -0.007237520775206576
}