{
    "Model": "llama3",
    "Truth Score": 0.062425063685450366,
    "Accuracy": 0.90875,
    "Hallucination Rate": 0.34625,
    "ROC-AUC": 1.0,
    "F1": 0.9249743062692704,
    "PR-AUC": 0.9999999999999999,
    "Refusal Rate": 0.55375,
    "Avg Length": 36.13625,
    "Severity": -0.062425063685450366
}