Model,Truth Score,Hallucination Rate,Precision,Recall,F1,Refusal Rate,Avg Length,Severity,Score
gemma,0.6367422446864657,0.43625,1.0,0.56375,0.7210231814548361,0.0525,42.4125,0.36325775531353427,0.6075453468118794
mistral,0.6289486741984729,0.4575,1.0,0.5425,0.7034035656401945,0.0,44.80625,0.3710513258015271,0.5943692045190837
qwen,0.6149898720462806,0.51125,1.0,0.48875,0.6565910999160369,0.0,61.4,0.38501012795371936,0.5644939232277684
phi3,0.6116928992333124,0.51875,1.0,0.48125,0.6497890295358649,0.0025,56.9225,0.3883071007666877,0.5595157395399875
tinyllama,0.5982912912173197,0.5725,1.0,0.4275,0.5989492119089317,0.0175,40.89875,0.40170870878268033,0.5299747747303918
llama3,0.565387862889329,0.7,1.0,0.3,0.46153846153846156,0.0,75.1775,0.43461213711067104,0.4592327177335974
