{
    "0": {
        "precision": 1.0,
        "recall": 0.8577319587628865,
        "f1-score": 0.9234184239733629,
        "support": 485.0
    },
    "1": {
        "precision": 0.8203125,
        "recall": 1.0,
        "f1-score": 0.9012875536480687,
        "support": 315.0
    },
    "accuracy": 0.91375,
    "macro avg": {
        "precision": 0.91015625,
        "recall": 0.9288659793814433,
        "f1-score": 0.9123529888107158,
        "support": 800.0
    },
    "weighted avg": {
        "precision": 0.929248046875,
        "recall": 0.91375,
        "f1-score": 0.9147043937827783,
        "support": 800.0
    }
}