{
    "Model": "gemma",
    "Truth Score": -0.1277961504603718,
    "Accuracy": 0.91375,
    "Hallucination Rate": 0.52,
    "ROC-AUC": 1.0,
    "F1": 0.9012875536480687,
    "PR-AUC": 1.0,
    "Refusal Rate": 0.055,
    "Avg Length": 42.4125,
    "Severity": 0.1277961504603718
}